SKU_ID,ABC_Class,Speed_Class,Current_Zone,Current_Location,Stock_Qty,Movements,Recommended_Zone,Needs_Relocation,Optimal_Location,Relocation_Priority
SKU_1,A,Medium,Reserve,941,13,43,Prime,0,941,Medium
SKU_2,C,Slow,Reserve,964,163,188,Reserve,0,964,Low
SKU_3,C,Slow,Prime,217,451,67,Reserve,0,217,Low
SKU_4,C,Medium,Secondary,905,38,50,Reserve,0,905,Low
SKU_5,B,Medium,Prime,258,118,92,Secondary,0,258,Medium
SKU_6,A,Medium,Secondary,914,107,15,Prime,0,914,Medium
SKU_7,C,Medium,Prime,327,224,66,Reserve,0,327,Low
SKU_8,C,Slow,Secondary,976,302,81,Reserve,0,976,Low
SKU_9,C,Fast,Secondary,315,84,157,Reserve,0,315,Low
SKU_10,C,Fast,Prime,795,335,56,Reserve,0,795,Low
SKU_11,B,Medium,Prime,114,155,8,Secondary,0,114,Medium
SKU_12,B,Fast,Secondary,256,137,63,Secondary,0,256,Medium
SKU_13,C,Medium,Prime,747,350,76,Reserve,1,701,Low
SKU_14,C,Slow,Secondary,360,51,152,Reserve,0,360,Low
SKU_15,A,Slow,Prime,256,365,97,Prime,1,319,Medium
SKU_16,C,Medium,Prime,146,50,67,Reserve,1,803,Low
SKU_17,A,Medium,Secondary,423,431,58,Prime,0,423,Medium
SKU_18,B,Medium,Secondary,943,43,121,Secondary,0,943,Medium
SKU_19,B,Medium,Prime,784,26,114,Secondary,1,674,Medium
SKU_20,C,Medium,Prime,229,174,78,Reserve,0,229,Low
SKU_21,C,Medium,Prime,510,162,111,Reserve,0,510,Low
SKU_22,C,Slow,Reserve,194,495,61,Reserve,0,194,Low
SKU_23,C,Medium,Secondary,726,387,173,Reserve,0,726,Low
SKU_24,C,Slow,Secondary,854,85,7,Reserve,0,854,Low
SKU_25,A,Medium,Reserve,391,96,124,Prime,0,391,Medium
SKU_26,B,Medium,Prime,893,126,10,Secondary,0,893,Medium
SKU_27,A,Medium,Reserve,910,371,9,Prime,1,684,Medium
SKU_28,B,Medium,Secondary,382,351,9,Secondary,0,382,Medium
SKU_29,C,Slow,Prime,168,478,58,Reserve,0,168,Low
SKU_30,C,Fast,Secondary,759,36,51,Reserve,1,260,Low
SKU_31,A,Medium,Reserve,110,322,181,Prime,0,110,Medium
SKU_32,B,Medium,Secondary,353,296,13,Secondary,0,353,Medium
SKU_33,A,Slow,Reserve,941,143,103,Prime,1,780,Medium
SKU_34,C,Fast,Secondary,971,228,24,Reserve,1,188,Low
SKU_35,B,Slow,Reserve,649,177,126,Secondary,0,649,Medium
SKU_36,A,Medium,Secondary,233,107,65,Prime,0,233,Medium
SKU_37,A,Medium,Reserve,811,277,127,Prime,0,811,Medium
SKU_38,A,Slow,Secondary,122,246,167,Prime,0,122,Medium
SKU_39,C,Slow,Prime,914,318,182,Reserve,0,914,Low
SKU_40,C,Slow,Prime,445,464,86,Reserve,0,445,Low
SKU_41,B,Medium,Prime,401,403,66,Secondary,0,401,Medium
SKU_42,B,Medium,Prime,462,182,149,Secondary,0,462,Medium
SKU_43,C,Medium,Prime,495,410,7,Reserve,0,495,Low
SKU_44,B,Slow,Secondary,317,419,164,Secondary,0,317,Medium
SKU_45,C,Fast,Secondary,240,478,17,Reserve,0,240,Low
SKU_46,C,Medium,Reserve,715,485,124,Reserve,0,715,Low
SKU_47,C,Fast,Reserve,309,199,129,Reserve,0,309,Low
SKU_48,A,Medium,Secondary,722,131,93,Prime,1,787,Medium
SKU_49,C,Medium,Reserve,715,55,77,Reserve,0,715,Low
SKU_50,A,Medium,Reserve,927,73,72,Prime,0,927,Medium
SKU_51,B,Medium,Secondary,782,139,146,Secondary,0,782,Medium
SKU_52,A,Slow,Prime,559,319,105,Prime,1,880,Medium
SKU_53,A,Slow,Prime,455,372,102,Prime,0,455,Medium
SKU_54,C,Fast,Prime,423,202,15,Reserve,1,684,Low
SKU_55,C,Fast,Prime,232,316,109,Reserve,0,232,Low
SKU_56,A,Medium,Prime,987,190,188,Prime,0,987,Medium
SKU_57,B,Medium,Reserve,904,301,71,Secondary,0,904,Medium
SKU_58,B,Medium,Reserve,939,380,127,Secondary,0,939,Medium
SKU_59,C,Medium,Prime,226,291,33,Reserve,0,226,Low
SKU_60,A,Medium,Prime,205,38,141,Prime,0,205,Medium
SKU_61,B,Slow,Prime,703,158,199,Secondary,0,703,Medium
SKU_62,C,Fast,Secondary,898,276,157,Reserve,0,898,Low
SKU_63,C,Slow,Secondary,477,305,80,Reserve,1,856,Low
SKU_64,C,Medium,Reserve,150,20,174,Reserve,0,150,Low
SKU_65,A,Medium,Secondary,128,173,13,Prime,0,128,Medium
SKU_66,A,Medium,Reserve,561,122,44,Prime,0,561,Medium
SKU_67,C,Medium,Reserve,395,196,29,Reserve,0,395,Low
SKU_68,A,Medium,Prime,396,304,9,Prime,1,688,Medium
SKU_69,A,Fast,Reserve,825,241,143,Prime,0,825,High
SKU_70,C,Fast,Secondary,878,236,191,Reserve,0,878,Low
SKU_71,C,Medium,Secondary,506,319,128,Reserve,0,506,Low
SKU_72,A,Fast,Secondary,868,107,42,Prime,0,868,High
SKU_73,C,Fast,Reserve,913,64,76,Reserve,0,913,Low
SKU_74,B,Medium,Secondary,712,120,137,Secondary,0,712,Medium
SKU_75,B,Fast,Reserve,504,161,180,Secondary,1,258,Medium
SKU_76,C,Slow,Reserve,445,255,94,Reserve,0,445,Low
SKU_77,C,Fast,Secondary,721,415,150,Reserve,0,721,Low
SKU_78,C,Medium,Reserve,519,78,41,Reserve,0,519,Low
SKU_79,A,Medium,Secondary,281,321,64,Prime,0,281,Medium
SKU_80,B,Medium,Secondary,924,298,180,Secondary,0,924,Medium
SKU_81,C,Medium,Secondary,100,259,32,Reserve,1,588,Low
SKU_82,B,Fast,Prime,930,45,85,Secondary,0,930,Medium
SKU_83,C,Slow,Reserve,666,248,118,Reserve,0,666,Low
SKU_84,B,Slow,Secondary,470,157,44,Secondary,0,470,Medium
SKU_85,C,Slow,Secondary,760,476,49,Reserve,1,423,Low
SKU_86,A,Medium,Reserve,530,236,66,Prime,0,530,Medium
SKU_87,C,Fast,Prime,408,253,97,Reserve,0,408,Low
SKU_88,C,Medium,Secondary,236,346,119,Reserve,0,236,Low
SKU_89,A,Medium,Secondary,301,455,190,Prime,0,301,Medium
SKU_90,C,Medium,Reserve,535,374,71,Reserve,0,535,Low
SKU_91,B,Slow,Secondary,412,491,60,Secondary,1,709,Medium
SKU_92,A,Medium,Reserve,216,210,44,Prime,0,216,Medium
SKU_93,B,Slow,Reserve,765,163,102,Secondary,0,765,Medium
SKU_94,B,Medium,Prime,902,459,44,Secondary,0,902,Medium
SKU_95,C,Slow,Prime,674,82,95,Reserve,0,674,Low
SKU_96,C,Fast,Secondary,343,210,37,Reserve,0,343,Low
SKU_97,A,Medium,Secondary,636,305,10,Prime,0,636,Medium
SKU_98,C,Medium,Prime,701,26,151,Reserve,0,701,Low
SKU_99,B,Fast,Secondary,174,138,84,Secondary,0,174,Medium
SKU_100,C,Fast,Secondary,905,226,172,Reserve,0,905,Low
SKU_101,B,Slow,Secondary,485,70,96,Secondary,0,485,Medium
SKU_102,C,Slow,Secondary,309,436,101,Reserve,0,309,Low
SKU_103,B,Fast,Secondary,574,113,63,Secondary,0,574,Medium
SKU_104,C,Medium,Secondary,517,51,63,Reserve,0,517,Low
SKU_105,B,Medium,Secondary,446,34,52,Secondary,0,446,Medium
SKU_106,C,Slow,Prime,628,48,173,Reserve,0,628,Low
SKU_107,B,Medium,Secondary,739,300,17,Secondary,0,739,Medium
SKU_108,C,Fast,Secondary,975,140,111,Reserve,0,975,Low
SKU_109,A,Fast,Reserve,862,238,49,Prime,0,862,High
SKU_110,C,Medium,Secondary,278,117,93,Reserve,1,480,Low
SKU_111,A,Medium,Reserve,281,181,185,Prime,0,281,Medium
SKU_112,B,Fast,Secondary,763,444,174,Secondary,0,763,Medium
SKU_113,B,Slow,Prime,124,487,104,Secondary,1,201,Medium
SKU_114,B,Medium,Reserve,279,111,195,Secondary,0,279,Medium
SKU_115,C,Fast,Secondary,809,363,159,Reserve,0,809,Low
SKU_116,C,Fast,Secondary,600,21,170,Reserve,0,600,Low
SKU_117,B,Fast,Prime,955,284,192,Secondary,0,955,Medium
SKU_118,B,Slow,Secondary,260,110,11,Secondary,0,260,Medium
SKU_119,C,Medium,Secondary,276,53,137,Reserve,0,276,Low
SKU_120,C,Medium,Secondary,384,452,49,Reserve,0,384,Low
SKU_121,C,Medium,Reserve,162,314,62,Reserve,0,162,Low
SKU_122,B,Medium,Prime,761,454,35,Secondary,0,761,Medium
SKU_123,C,Slow,Secondary,765,26,27,Reserve,0,765,Low
SKU_124,A,Fast,Secondary,255,339,174,Prime,1,593,High
SKU_125,B,Medium,Prime,981,66,142,Secondary,0,981,Medium
SKU_126,A,Fast,Secondary,568,320,164,Prime,0,568,High
SKU_127,C,Fast,Secondary,148,312,111,Reserve,0,148,Low
SKU_128,C,Medium,Secondary,948,21,185,Reserve,0,948,Low
SKU_129,C,Fast,Prime,183,327,162,Reserve,0,183,Low
SKU_130,C,Fast,Secondary,460,89,43,Reserve,0,460,Low
SKU_131,C,Medium,Prime,788,225,163,Reserve,0,788,Low
SKU_132,C,Slow,Reserve,247,348,86,Reserve,0,247,Low
SKU_133,C,Fast,Prime,729,273,104,Reserve,0,729,Low
SKU_134,A,Fast,Secondary,441,488,6,Prime,0,441,High
SKU_135,C,Slow,Reserve,575,158,81,Reserve,0,575,Low
SKU_136,B,Slow,Secondary,162,90,16,Secondary,0,162,Medium
SKU_137,C,Medium,Reserve,800,224,43,Reserve,0,800,Low
SKU_138,A,Medium,Prime,459,494,198,Prime,0,459,Medium
SKU_139,A,Medium,Reserve,660,383,17,Prime,0,660,Medium
SKU_140,A,Fast,Secondary,426,473,50,Prime,1,743,High
SKU_141,C,Slow,Reserve,868,207,159,Reserve,0,868,Low
SKU_142,C,Slow,Prime,835,209,117,Reserve,1,713,Low
SKU_143,A,Medium,Prime,240,34,21,Prime,0,240,Medium
SKU_144,B,Fast,Prime,314,475,108,Secondary,1,118,Medium
SKU_145,C,Slow,Secondary,534,98,102,Reserve,1,553,Low
SKU_146,C,Medium,Reserve,990,277,192,Reserve,0,990,Low
SKU_147,A,Medium,Reserve,822,152,196,Prime,0,822,Medium
SKU_148,C,Medium,Prime,417,68,92,Reserve,0,417,Low
SKU_149,C,Medium,Reserve,131,419,113,Reserve,0,131,Low
SKU_150,B,Slow,Secondary,769,498,167,Secondary,0,769,Medium
SKU_151,A,Slow,Secondary,384,374,74,Prime,1,581,Medium
SKU_152,C,Slow,Prime,404,35,162,Reserve,0,404,Low
SKU_153,B,Medium,Reserve,528,56,78,Secondary,1,693,Medium
SKU_154,C,Slow,Prime,576,297,67,Reserve,0,576,Low
SKU_155,A,Medium,Secondary,385,275,160,Prime,1,496,Medium
SKU_156,C,Medium,Reserve,243,25,64,Reserve,0,243,Low
SKU_157,B,Fast,Prime,523,208,83,Secondary,0,523,Medium
SKU_158,C,Slow,Secondary,118,410,41,Reserve,0,118,Low
SKU_159,C,Slow,Prime,117,416,26,Reserve,0,117,Low
SKU_160,B,Medium,Secondary,868,291,152,Secondary,0,868,Medium
SKU_161,A,Slow,Secondary,689,478,100,Prime,0,689,Medium
SKU_162,A,Medium,Secondary,470,95,72,Prime,0,470,Medium
SKU_163,C,Fast,Secondary,274,259,196,Reserve,1,378,Low
SKU_164,C,Medium,Secondary,293,400,21,Reserve,1,950,Low
SKU_165,C,Fast,Secondary,601,279,16,Reserve,1,464,Low
SKU_166,C,Medium,Reserve,212,344,154,Reserve,0,212,Low
SKU_167,A,Fast,Secondary,213,126,149,Prime,0,213,High
SKU_168,C,Medium,Secondary,321,16,142,Reserve,0,321,Low
SKU_169,C,Medium,Secondary,777,146,122,Reserve,1,430,Low
SKU_170,A,Medium,Secondary,930,380,197,Prime,0,930,Medium
SKU_171,C,Medium,Secondary,743,185,26,Reserve,0,743,Low
SKU_172,A,Medium,Reserve,996,337,124,Prime,0,996,Medium
SKU_173,B,Medium,Secondary,363,324,54,Secondary,0,363,Medium
SKU_174,A,Medium,Prime,154,224,18,Prime,0,154,Medium
SKU_175,C,Medium,Secondary,970,486,196,Reserve,0,970,Low
SKU_176,C,Medium,Secondary,742,91,179,Reserve,0,742,Low
SKU_177,C,Medium,Reserve,899,232,33,Reserve,0,899,Low
SKU_178,C,Slow,Prime,877,487,168,Reserve,0,877,Low
SKU_179,B,Fast,Prime,557,381,184,Secondary,0,557,Medium
SKU_180,A,Medium,Secondary,977,432,129,Prime,0,977,Medium
SKU_181,B,Slow,Secondary,261,492,11,Secondary,1,740,Medium
SKU_182,B,Medium,Reserve,479,411,33,Secondary,0,479,Medium
SKU_183,C,Medium,Prime,186,452,143,Reserve,0,186,Low
SKU_184,C,Medium,Reserve,154,499,37,Reserve,1,443,Low
SKU_185,A,Medium,Prime,575,112,138,Prime,1,921,Medium
SKU_186,C,Slow,Reserve,899,282,115,Reserve,1,554,Low
SKU_187,A,Fast,Prime,277,23,83,Prime,0,277,High
SKU_188,A,Medium,Prime,490,168,164,Prime,0,490,Medium
SKU_189,C,Medium,Secondary,448,161,183,Reserve,0,448,Low
SKU_190,C,Slow,Reserve,107,492,62,Reserve,0,107,Low
SKU_191,A,Medium,Reserve,932,117,30,Prime,0,932,Medium
SKU_192,B,Fast,Secondary,412,197,178,Secondary,1,700,Medium
SKU_193,C,Medium,Reserve,858,310,33,Reserve,1,824,Low
SKU_194,C,Slow,Prime,934,107,8,Reserve,0,934,Low
SKU_195,A,Fast,Reserve,542,140,103,Prime,0,542,High
SKU_196,C,Medium,Secondary,866,302,145,Reserve,0,866,Low
SKU_197,C,Medium,Reserve,427,180,43,Reserve,0,427,Low
SKU_198,B,Medium,Reserve,153,433,19,Secondary,0,153,Medium
SKU_199,A,Medium,Reserve,860,483,123,Prime,0,860,Medium
SKU_200,C,Medium,Secondary,338,192,33,Reserve,0,338,Low
SKU_201,C,Fast,Secondary,328,480,161,Reserve,1,754,Low
SKU_202,A,Fast,Reserve,678,373,79,Prime,0,678,High
SKU_203,A,Slow,Prime,150,48,120,Prime,0,150,Medium
SKU_204,B,Slow,Reserve,708,24,36,Secondary,0,708,Medium
SKU_205,C,Medium,Reserve,703,385,134,Reserve,1,164,Low
SKU_206,C,Slow,Prime,363,13,179,Reserve,0,363,Low
SKU_207,C,Medium,Reserve,517,358,88,Reserve,0,517,Low
SKU_208,C,Medium,Secondary,902,479,26,Reserve,0,902,Low
SKU_209,A,Medium,Reserve,195,418,31,Prime,1,175,Medium
SKU_210,C,Fast,Reserve,187,406,199,Reserve,1,810,Low
SKU_211,C,Fast,Prime,177,219,85,Reserve,1,242,Low
SKU_212,C,Medium,Secondary,387,170,130,Reserve,1,927,Low
SKU_213,A,Medium,Reserve,219,25,188,Prime,0,219,Medium
SKU_214,B,Fast,Secondary,913,435,96,Secondary,0,913,Medium
SKU_215,A,Slow,Secondary,590,117,25,Prime,1,704,Medium
SKU_216,B,Slow,Secondary,551,391,51,Secondary,0,551,Medium
SKU_217,A,Fast,Secondary,599,459,105,Prime,0,599,High
SKU_218,C,Slow,Secondary,264,320,191,Reserve,0,264,Low
SKU_219,B,Slow,Secondary,281,236,88,Secondary,0,281,Medium
SKU_220,A,Slow,Prime,568,179,10,Prime,0,568,Medium
SKU_221,C,Fast,Secondary,834,43,151,Reserve,1,572,Low
SKU_222,B,Slow,Prime,922,423,189,Secondary,0,922,Medium
SKU_223,C,Medium,Prime,106,260,135,Reserve,0,106,Low
SKU_224,A,Slow,Prime,429,256,5,Prime,0,429,Medium
SKU_225,C,Slow,Prime,874,278,62,Reserve,0,874,Low
SKU_226,A,Medium,Secondary,772,150,128,Prime,0,772,Medium
SKU_227,C,Slow,Secondary,250,283,170,Reserve,0,250,Low
SKU_228,C,Slow,Reserve,184,425,19,Reserve,1,516,Low
SKU_229,C,Slow,Prime,246,105,166,Reserve,1,404,Low
SKU_230,B,Medium,Reserve,723,236,193,Secondary,0,723,Medium
SKU_231,B,Fast,Reserve,480,388,167,Secondary,1,835,Medium
SKU_232,B,Medium,Secondary,647,48,68,Secondary,0,647,Medium
SKU_233,B,Slow,Reserve,384,311,29,Secondary,0,384,Medium
SKU_234,A,Fast,Reserve,799,38,28,Prime,0,799,High
SKU_235,B,Medium,Prime,181,455,16,Secondary,0,181,Medium
SKU_236,A,Fast,Secondary,613,486,22,Prime,1,596,High
SKU_237,A,Medium,Reserve,996,327,19,Prime,0,996,Medium
SKU_238,A,Slow,Reserve,914,254,31,Prime,0,914,Medium
SKU_239,B,Slow,Prime,808,245,76,Secondary,0,808,Medium
SKU_240,B,Fast,Reserve,622,194,64,Secondary,0,622,Medium
SKU_241,A,Slow,Reserve,845,281,178,Prime,0,845,Medium
SKU_242,C,Medium,Reserve,485,449,149,Reserve,0,485,Low
SKU_243,A,Medium,Reserve,806,245,97,Prime,0,806,Medium
SKU_244,C,Slow,Reserve,570,248,57,Reserve,1,390,Low
SKU_245,B,Medium,Prime,218,386,12,Secondary,0,218,Medium
SKU_246,C,Medium,Prime,495,275,83,Reserve,0,495,Low
SKU_247,C,Slow,Secondary,631,423,31,Reserve,0,631,Low
SKU_248,C,Fast,Reserve,360,418,178,Reserve,1,201,Low
SKU_249,A,Medium,Secondary,904,368,54,Prime,0,904,Medium
SKU_250,C,Medium,Secondary,355,349,135,Reserve,0,355,Low
SKU_251,A,Medium,Secondary,833,398,97,Prime,0,833,Medium
SKU_252,B,Medium,Secondary,325,74,196,Secondary,0,325,Medium
SKU_253,A,Medium,Reserve,152,487,176,Prime,0,152,Medium
SKU_254,C,Slow,Reserve,966,186,185,Reserve,0,966,Low
SKU_255,C,Slow,Secondary,599,12,28,Reserve,0,599,Low
SKU_256,C,Slow,Secondary,605,438,64,Reserve,0,605,Low
SKU_257,C,Slow,Secondary,953,151,126,Reserve,0,953,Low
SKU_258,C,Medium,Secondary,463,385,135,Reserve,1,366,Low
SKU_259,C,Fast,Secondary,379,167,152,Reserve,1,966,Low
SKU_260,A,Medium,Secondary,692,333,50,Prime,0,692,Medium
SKU_261,A,Medium,Secondary,813,155,19,Prime,0,813,Medium
SKU_262,C,Fast,Prime,257,455,157,Reserve,1,721,Low
SKU_263,C,Medium,Prime,731,302,21,Reserve,0,731,Low
SKU_264,A,Medium,Secondary,158,162,130,Prime,0,158,Medium
SKU_265,C,Slow,Secondary,826,441,88,Reserve,0,826,Low
SKU_266,C,Slow,Secondary,227,202,13,Reserve,1,941,Low
SKU_267,C,Medium,Reserve,835,446,170,Reserve,0,835,Low
SKU_268,C,Medium,Secondary,820,472,180,Reserve,0,820,Low
SKU_269,B,Fast,Prime,981,82,192,Secondary,1,876,Medium
SKU_270,C,Slow,Reserve,214,408,67,Reserve,0,214,Low
SKU_271,B,Slow,Secondary,308,314,121,Secondary,0,308,Medium
SKU_272,B,Medium,Reserve,625,386,134,Secondary,1,102,Medium
SKU_273,C,Medium,Secondary,620,353,92,Reserve,0,620,Low
SKU_274,B,Fast,Reserve,651,461,76,Secondary,0,651,Medium
SKU_275,C,Fast,Reserve,336,149,143,Reserve,0,336,Low
SKU_276,A,Fast,Reserve,380,196,68,Prime,1,184,High
SKU_277,C,Medium,Reserve,458,302,76,Reserve,0,458,Low
SKU_278,A,Slow,Prime,300,70,25,Prime,0,300,Medium
SKU_279,B,Medium,Prime,857,494,22,Secondary,0,857,Medium
SKU_280,C,Medium,Reserve,377,436,68,Reserve,0,377,Low
SKU_281,B,Slow,Secondary,334,389,86,Secondary,1,893,Medium
